filename,width,height,class,xmin,ymin,xmax,ymax
1545267922.36.jpg,800,600,red,573,229,633,376
1545267511.12.jpg,800,600,red,234,448,261,512
1545190247.13.jpg,800,600,yellow,350,506,367,547
1545267536.54.jpg,800,600,red,546,343,591,449
1545181712.54.jpg,800,600,green,1,1,71,200
1545267882.29.jpg,800,600,yellow,1,1,63,137
1545267900.38.jpg,800,600,red,559,461,587,521
1545267766.2.jpg,800,600,yellow,1,1,49,159
1545190120.34.jpg,800,600,green,153,489,177,539
1545181711.43.jpg,800,600,green,296,390,332,471
1545189932.22.jpg,800,600,green,2,1,128,133
1545267899.79.jpg,800,600,red,117,458,144,514
1545267649.68.jpg,800,600,yellow,25,263,77,385
1545267871.11.jpg,800,600,green,375,388,414,471
1545267573.78.jpg,800,600,yellow,372,396,408,480
1545190191.92.jpg,800,600,green,104,474,130,527
1545267727.15.jpg,800,600,yellow,121,325,167,437
1545190007.83.jpg,800,600,green,278,509,298,552
1545267889.6.jpg,800,600,red,225,514,245,551
1545190041.4.jpg,800,600,green,73,1,208,71
1545267922.36.jpg,800,600,red,309,216,371,363
1545267881.08.jpg,800,600,yellow,725,165,796,339
1545190040.51.jpg,800,600,green,449,582,461,600
1545267918.38.jpg,800,600,yellow,469,404,501,480
1545267536.34.jpg,800,600,red,459,347,506,453
1545190121.9.jpg,800,600,green,329,298,377,426
1545267802.05.jpg,800,600,yellow,508,268,561,393
1545190040.12.jpg,800,600,green,33,413,67,487
1545190138.32.jpg,800,600,red,549,195,622,355
1545189931.23.jpg,800,600,green,66,1,167,232
1545267648.87.jpg,800,600,yellow,305,290,361,414
1545267783.86.jpg,800,600,red,132,503,153,547
1545267901.8.jpg,800,600,red,508,443,539,511
1545267245.7.jpg,800,600,red,443,49,531,256
1545190283.24.jpg,800,600,yellow,141,263,203,403
1545267870.24.jpg,800,600,green,568,577,578,598
1545190284.76.jpg,800,600,yellow,274,216,344,368
1545267649.06.jpg,800,600,yellow,1,277,54,405
1545189926.67.jpg,800,600,green,17,193,93,356
1545181712.23.jpg,800,600,green,541,196,625,362
1545267870.24.jpg,800,600,green,623,581,637,598
1545267552.07.jpg,800,600,yellow,604,360,646,460
1545190009.03.jpg,800,600,green,343,489,366,537
1545267880.58.jpg,800,600,yellow,374,203,434,351
1545190168.75.jpg,800,600,yellow,220,300,275,420
1545267518.53.jpg,800,600,green,476,91,558,282
1545267880.58.jpg,800,600,yellow,658,204,722,358
1545267516.93.jpg,800,600,red,42,208,102,358
1545267630.54.jpg,800,600,yellow,29,90,102,274
1545189927.33.jpg,800,600,green,457,116,547,305
1545190137.11.jpg,800,600,red,379,459,406,518
1545190100.61.jpg,800,600,red,774,340,800,452
1545267516.04.jpg,800,600,red,222,287,275,411
1545267513.34.jpg,800,600,red,187,388,224,476
1545190284.76.jpg,800,600,yellow,8,213,75,363
1545190008.13.jpg,800,600,green,274,504,294,548
1545267902.2.jpg,800,600,red,176,429,206,498
1545267511.33.jpg,800,600,red,145,442,179,510
1545190285.25.jpg,800,600,yellow,403,189,471,350
1545181711.83.jpg,800,600,green,78,322,135,435
1545267575.39.jpg,800,600,red,8,226,74,366
1545267511.82.jpg,800,600,red,93,428,127,498
1545267420.51.jpg,800,600,red,472,369,508,458
1545267515.44.jpg,800,600,red,569,322,614,433
1545267273.02.jpg,800,600,red,378,307,428,423
1545267729.24.jpg,800,600,red,1,40,96,243
1545267729.15.jpg,800,600,red,437,77,525,279
1545190009.83.jpg,800,600,green,241,462,264,521
1545190247.91.jpg,800,600,yellow,639,473,664,527
1545190008.13.jpg,800,600,green,198,501,221,547
1545267918.17.jpg,800,600,yellow,388,402,419,476
1545190119.71.jpg,800,600,green,658,525,676,562
1545267287.37.jpg,800,600,green,677,1,783,213
1545267879.88.jpg,800,600,yellow,400,237,456,369
1545267247.69.jpg,800,600,green,327,1,462,69
1545267574.11.jpg,800,600,yellow,496,381,535,469
1545190007.52.jpg,800,600,green,350,515,368,554
1545267943.35.jpg,800,600,green,355,500,375,546
1545267493.06.jpg,800,600,green,253,178,332,345
1545267513.73.jpg,800,600,red,381,375,422,469
1545190122.41.jpg,800,600,green,669,1,790,185
1545190085.95.jpg,800,600,green,131,404,172,485
1545267270.03.jpg,800,600,red,137,488,158,537
1545267418.91.jpg,800,600,yellow,391,459,413,512
1545267283.27.jpg,800,600,red,119,456,146,522
1545267247.48.jpg,800,600,green,294,1,429,103
1545267418.91.jpg,800,600,yellow,500,460,521,514
1545267892.9.jpg,800,600,red,140,501,163,543
1545190283.66.jpg,800,600,yellow,575,276,631,402
1545267246.7.jpg,800,600,red,131,1,238,183
1545181711.33.jpg,800,600,green,296,403,332,480
1545190039.93.jpg,800,600,green,13,432,45,503
1545267551.87.jpg,800,600,yellow,316,375,354,463
1545190005.12.jpg,800,600,green,241,531,255,565
1545267491.76.jpg,800,600,green,137,364,176,460
1545267244.29.jpg,800,600,red,1,159,44,321
1545267869.72.jpg,800,600,green,656,582,665,600
1545190040.12.jpg,800,600,green,165,414,196,492
1545267574.11.jpg,800,600,yellow,332,376,374,464
1545267574.11.jpg,800,600,yellow,173,371,210,461
1545267575.8.jpg,800,600,red,175,149,251,319
1545267725.43.jpg,800,600,yellow,544,355,584,456
1545267648.87.jpg,800,600,yellow,535,294,586,416
1545267419.71.jpg,800,600,yellow,394,419,430,492
1545189926.93.jpg,800,600,green,395,163,472,338
1545181687.95.jpg,800,600,red,126,251,182,384
1545267881.29.jpg,800,600,yellow,170,123,245,300
1545190010.94.jpg,800,600,green,351,403,388,484
1545190193.34.jpg,800,600,green,228,313,282,432
1545190249.43.jpg,800,600,red,237,290,296,419
1545267573.78.jpg,800,600,yellow,517,401,556,482
1545267273.65.jpg,800,600,red,551,248,616,390
1545267509.62.jpg,800,600,red,629,487,651,540
1545267892.4.jpg,800,600,red,178,503,198,547
1545267510.52.jpg,800,600,red,529,468,554,527
1545267509.81.jpg,800,600,red,698,485,725,538
1545267552.68.jpg,800,600,yellow,95,327,136,426
1545190276.03.jpg,800,600,green,377,421,409,499
1545267286.67.jpg,800,600,green,304,169,379,339
1545267764.59.jpg,800,600,yellow,357,137,433,317
1545267551.47.jpg,800,600,yellow,337,387,373,469
1545267728.34.jpg,800,600,yellow,329,241,387,379
1545267285.96.jpg,800,600,green,216,292,269,419
1545267206.54.jpg,800,600,red,1,90,78,282
1545190012.63.jpg,800,600,green,6,98,87,288
1545267419.71.jpg,800,600,yellow,264,419,294,488
1545267803.17.jpg,800,600,yellow,515,253,569,383
1545190009.83.jpg,800,600,green,138,459,163,516
1545181712.03.jpg,800,600,green,21,254,87,386
1545190159.83.jpg,800,600,green,336,404,367,485
1545267896.09.jpg,800,600,red,34,482,56,534
1545267872.03.jpg,800,600,green,591,335,642,448
1545267650.56.jpg,800,600,yellow,73,178,135,334
1545267420.75.jpg,800,600,red,11,335,55,437
1545267512.93.jpg,800,600,red,36,394,71,474
1545189907.52.jpg,800,600,red,24,85,99,274
1545267519.85.jpg,800,600,green,35,580,42,596
1545267366.76.jpg,800,600,green,210,363,245,458
1545190168.83.jpg,800,600,yellow,549,250,611,392
1545267515.02.jpg,800,600,red,515,332,562,445
1545267918.97.jpg,800,600,yellow,437,389,470,469
1545267893.49.jpg,800,600,red,459,502,481,551
1545267551.68.jpg,800,600,yellow,209,381,246,464
1545267869.11.jpg,800,600,green,277,495,298,541
1545267367.97.jpg,800,600,green,435,1,572,84
1545190040.7.jpg,800,600,green,624,325,674,441
1545190137.02.jpg,800,600,red,473,464,499,526
1545267630.94.jpg,800,600,yellow,462,63,548,261
1545181711.83.jpg,800,600,green,480,333,535,451
1545267804.66.jpg,800,600,yellow,371,123,439,292
1545267881.59.jpg,800,600,yellow,1,71,77,268
1545267784.13.jpg,800,600,red,380,500,400,546
1545190248.72.jpg,800,600,red,256,400,290,480
1545189907.12.jpg,800,600,red,371,154,446,330
1545267271.94.jpg,800,600,red,440,395,477,479
1545190040.12.jpg,800,600,green,293,422,329,496
1545267765.3.jpg,800,600,yellow,142,76,225,275
1545267784.04.jpg,800,600,red,393,502,413,548
1545267422.23.jpg,800,600,red,189,51,271,263
1545267892.68.jpg,800,600,red,92,499,112,543
1545267784.13.jpg,800,600,red,537,499,559,550
1545190038.9.jpg,800,600,green,459,504,480,550
1545267872.03.jpg,800,600,green,197,322,243,435
1545267509.42.jpg,800,600,red,461,492,480,535
1545190122.41.jpg,800,600,green,191,1,307,172
1545190168.95.jpg,800,600,yellow,700,177,773,343
1545190122.5.jpg,800,600,green,675,1,799,82
1545267921.88.jpg,800,600,red,654,259,714,394
1545267419.52.jpg,800,600,yellow,396,429,424,500
1545190284.26.jpg,800,600,yellow,558,251,620,390
1545267511.01.jpg,800,600,red,372,453,403,516
1545267367.88.jpg,800,600,green,505,1,632,177
1545190277.05.jpg,800,600,green,227,358,267,456
1545267553.67.jpg,800,600,yellow,768,255,800,385
1545190011.74.jpg,800,600,green,551,335,601,450
1545267893.49.jpg,800,600,red,311,502,331,545
1545189907.52.jpg,800,600,red,375,89,455,280
1545267514.32.jpg,800,600,red,583,364,629,463
1545267445.23.jpg,800,600,green,786,430,800,505
1545190168.53.jpg,800,600,yellow,154,329,196,434
1545267419.33.jpg,800,600,yellow,393,439,421,503
1545190012.72.jpg,800,600,green,706,88,792,288
1545190285.15.jpg,800,600,yellow,467,189,540,355
1545190121.7.jpg,800,600,green,403,347,469,458
1545267893.8.jpg,800,600,red,483,500,506,547
1545267515.22.jpg,800,600,red,377,312,425,428
1545267575.8.jpg,800,600,red,487,154,565,329
1545181712.14.jpg,800,600,green,521,242,588,379
1545190005.12.jpg,800,600,green,295,532,314,565
1545267508.92.jpg,800,600,red,45,485,66,534
1545190167.84.jpg,800,600,yellow,35,438,65,501
1545190278.35.jpg,800,600,green,609,292,666,419
1545190248.44.jpg,800,600,red,497,430,526,505
1545267783.94.jpg,800,600,red,238,502,258,547
1545267493.89.jpg,800,600,yellow,400,1,513,158
1545267650.56.jpg,800,600,yellow,654,189,724,352
1545267726.94.jpg,800,600,yellow,128,335,171,439
1545190284.96.jpg,800,600,yellow,282,205,346,356
1545190011.33.jpg,800,600,green,353,372,395,466
1545190169.05.jpg,800,600,yellow,468,96,548,283
1545267879.48.jpg,800,600,yellow,515,227,574,380
1545267882.29.jpg,800,600,yellow,430,1,548,156
1545190160.91.jpg,800,600,green,332,1,478,68
1545267918.76.jpg,800,600,yellow,501,396,535,479
1545267551.68.jpg,800,600,yellow,367,377,408,467
1545267419.52.jpg,800,600,yellow,519,429,551,503
1545267921.29.jpg,800,600,red,511,298,560,418
1545267922.07.jpg,800,600,red,761,253,800,394
1545190011.12.jpg,800,600,green,505,392,546,480
1545267802.05.jpg,800,600,yellow,261,263,312,390
1545267900.69.jpg,800,600,red,458,451,483,517
1545190168.75.jpg,800,600,yellow,446,291,503,416
1545190086.85.jpg,800,600,green,395,61,487,270
1545267270.64.jpg,800,600,red,548,468,575,527
1545190138.1.jpg,800,600,red,598,292,659,422
1545267489.96.jpg,800,600,green,520,470,544,526
1545267804.16.jpg,800,600,yellow,132,169,203,334
1545267918.38.jpg,800,600,yellow,324,397,356,474
1545267273.22.jpg,800,600,red,542,310,597,429
1545189927.33.jpg,800,600,green,124,115,214,301
1545267648.87.jpg,800,600,yellow,80,286,132,408
1545267271.24.jpg,800,600,red,310,439,333,501
1545267784.04.jpg,800,600,red,470,503,490,548
1545181711.54.jpg,800,600,green,292,377,333,467
1545267420.11.jpg,800,600,yellow,662,401,704,479
1545190038.9.jpg,800,600,green,534,505,557,551
1545190249.06.jpg,800,600,red,195,361,234,459
1545267896.58.jpg,800,600,red,343,487,366,538
1545190168.95.jpg,800,600,yellow,406,182,471,341
1545267892.68.jpg,800,600,red,167,501,185,546
1545267901.19.jpg,800,600,red,588,452,617,513
1545267881.29.jpg,800,600,yellow,492,134,567,316
1545267284.96.jpg,800,600,red,483,380,522,474
1545267871.11.jpg,800,600,green,359,573,367,594
1545190012.22.jpg,800,600,green,351,235,416,377
1545267554.37.jpg,800,600,yellow,47,157,108,311
1545190047.2.jpg,800,600,green,401,1,527,153
1545267422.23.jpg,800,600,red,556,57,648,262
1545190009.23.jpg,800,600,green,256,482,276,534
1545190010.94.jpg,800,600,green,206,400,242,480
1545190039.1.jpg,800,600,green,766,499,791,550
1545190138.02.jpg,800,600,red,283,323,326,438
1545190137.81.jpg,800,600,red,14,361,56,454
1545190121.7.jpg,800,600,green,586,353,637,463
1545267901.19.jpg,800,600,red,477,446,503,511
1545190285.15.jpg,800,600,yellow,188,195,254,349
1545190085.46.jpg,800,600,green,642,464,669,529
1545267917.76.jpg,800,600,yellow,225,390,263,474
1545267764.21.jpg,800,600,yellow,190,145,263,319
1545267573.9.jpg,800,600,yellow,679,396,713,480
1545267516.93.jpg,800,600,red,310,211,371,366
1545190007.23.jpg,800,600,green,282,516,303,557
1545190203.01.jpg,800,600,green,560,1,664,222
1545190284.04.jpg,800,600,yellow,606,262,667,396
1545190009.42.jpg,800,600,green,250,476,274,533
1545190276.53.jpg,800,600,green,683,395,722,482
1545190286.56.jpg,800,600,yellow,332,1,434,212
1545267765.78.jpg,800,600,yellow,172,14,263,242
1545190248.23.jpg,800,600,red,673,447,703,516
1545267650.97.jpg,800,600,yellow,110,119,192,303
1545267901.29.jpg,800,600,red,519,447,550,511
1545190040.51.jpg,800,600,green,325,367,372,465
1545190191.92.jpg,800,600,green,197,473,224,534
1545181711.63.jpg,800,600,green,111,356,162,452
1545267893.08.jpg,800,600,red,190,497,211,543
1545267803.76.jpg,800,600,yellow,459,226,514,358
1545267271.45.jpg,800,600,red,504,430,537,499
1545190084.44.jpg,800,600,green,301,516,318,557
1545267922.18.jpg,800,600,red,488,231,552,378
1545267629.94.jpg,800,600,yellow,183,135,248,295
1545190012.03.jpg,800,600,green,120,258,176,392
1545267242.69.jpg,800,600,red,472,282,518,398
1545190193.73.jpg,800,600,green,413,155,492,334
1545189927.12.jpg,800,600,green,128,131,207,313
1545267917.97.jpg,800,600,yellow,373,406,404,478
1545190283.44.jpg,800,600,yellow,671,283,724,405
1545189932.82.jpg,800,600,green,521,1,666,109
1545190168.75.jpg,800,600,yellow,677,281,740,411
1545267921.18.jpg,800,600,yellow,596,314,642,430
1545190169.15.jpg,800,600,yellow,517,1,605,222
1545267509.11.jpg,800,600,red,269,490,289,537
1545267764.4.jpg,800,600,yellow,494,160,563,317
1545267649.68.jpg,800,600,yellow,269,272,326,392
1545267271.45.jpg,800,600,red,251,421,282,491
1545190193.34.jpg,800,600,green,432,319,483,434
1545267804.66.jpg,800,600,yellow,34,127,102,289
1545267273.22.jpg,800,600,red,758,316,800,437
1545190006.83.jpg,800,600,green,220,515,242,557
1545267204.83.jpg,800,600,red,634,247,692,379
1545190100.83.jpg,800,600,red,458,259,514,394
1545267727.15.jpg,800,600,yellow,319,329,370,442
1545267515.53.jpg,800,600,red,524,319,573,434
1545190284.96.jpg,800,600,yellow,8,207,71,352
1545267512.81.jpg,800,600,red,164,400,200,482
1545267487.96.jpg,800,600,green,393,525,410,561
1545189907.73.jpg,800,600,red,766,61,800,259
1545267419.92.jpg,800,600,yellow,272,401,307,482
1545267419.33.jpg,800,600,yellow,272,439,300,500
1545190044.73 - Copy.jpg,800,600,green,66,503,85,548
1545267508.31.jpg,800,600,red,126,498,148,543
1545267419.71.jpg,800,600,yellow,527,424,559,496
1545267515.22.jpg,800,600,red,575,316,625,434
1545267896.48.jpg,800,600,red,287,489,308,537
1545267630.14.jpg,800,600,yellow,77,106,159,295
1545267366.69.jpg,800,600,green,148,372,187,465
1545190120.47.jpg,800,600,green,163,493,186,535
1545190201.72.jpg,800,600,green,71,429,103,500
1545190247.52.jpg,800,600,yellow,638,495,659,543
1545267649.86.jpg,800,600,yellow,384,239,447,380
1545190011.12.jpg,800,600,green,197,384,236,471
1545190009.23.jpg,800,600,green,344,484,369,534
1545181712.03.jpg,800,600,green,268,264,333,392
1545267797.95.jpg,800,600,green,534,315,587,440
1545267588.63.jpg,800,600,red,274,518,293,561
1545189907.73.jpg,800,600,red,374,51,466,253
1545267895.29.jpg,800,600,red,132,489,155,535
1545267880.8.jpg,800,600,yellow,471,189,534,342
1545267551.27.jpg,800,600,yellow,67,390,104,471
1545267870.24.jpg,800,600,green,362,440,391,504
1545190099.32.jpg,800,600,red,413,486,433,537
1545190099.52.jpg,800,600,red,446,479,467,530
1545189931.23.jpg,800,600,green,477,6,586,238
1545267284.07.jpg,800,600,red,334,434,364,501
1545267443.64.jpg,800,600,green,359,498,380,542
1545190282.75.jpg,800,600,yellow,385,279,437,401
1545267648.26.jpg,800,600,yellow,310,292,363,417
1545267763.9.jpg,800,600,yellow,188,148,263,321
1545267420.64.jpg,800,600,red,347,358,393,453
1545190283.44.jpg,800,600,yellow,424,271,483,403
1545267631.85.jpg,800,600,yellow,112,1,233,142
1545267803.17.jpg,800,600,yellow,261,251,316,379
1545190247.31.jpg,800,600,yellow,587,501,608,549
1545267803.95.jpg,800,600,yellow,104,192,166,342
1545267894.88.jpg,800,600,red,359,496,380,544
1545267488.07.jpg,800,600,green,266,518,283,557
1545190007.83.jpg,800,600,green,349,511,367,551
1545190044.61 - Copy.jpg,800,600,green,67,505,88,551
1545190045.51 - Copy.jpg,800,600,green,433,469,461,528
1545190160.25.jpg,800,600,green,1,321,36,433
1545267896.58.jpg,800,600,red,424,489,449,540
1545267418.91.jpg,800,600,yellow,280,455,306,511
1545267513.73.jpg,800,600,red,704,380,743,475
1545267573.49.jpg,800,600,yellow,507,406,542,490
1545267803.46.jpg,800,600,yellow,305,234,360,365
1545267588.63.jpg,800,600,red,146,519,164,558
1545189927.23.jpg,800,600,green,129,124,209,305
1545267519.85.jpg,800,600,green,485,1,607,198
1545189907.52.jpg,800,600,red,735,95,800,286
1545190138.02.jpg,800,600,red,480,326,532,443
1545189930.23.jpg,800,600,green,88,45,186,256
1545267555.18.jpg,800,600,yellow,385,11,475,231
1545190168.03.jpg,800,600,yellow,69,421,95,489
1545267804.45.jpg,800,600,yellow,200,135,277,311
1545267551.47.jpg,800,600,yellow,490,388,526,472
1545267726.22.jpg,800,600,yellow,164,345,206,444
1545190284.55.jpg,800,600,yellow,537,235,606,379
1545267493.06.jpg,800,600,green,553,185,624,353
1545267513.41.jpg,800,600,red,345,393,382,475
1545267922.07.jpg,800,600,red,257,232,314,376
1545267803.17.jpg,800,600,yellow,772,251,800,385
1545190248.12.jpg,800,600,yellow,714,464,742,519
1545267270.03.jpg,800,600,red,55,484,75,535
1545267366.69.jpg,800,600,green,1,367,30,461
1545190283.55.jpg,800,600,yellow,730,278,792,409
1545267273.43.jpg,800,600,red,519,278,577,413
1545267783.66.jpg,800,600,red,158,509,177,550
1545190168.83.jpg,800,600,yellow,300,261,354,394
1545190286.36.jpg,800,600,yellow,1,21,104,235
1545267508.53.jpg,800,600,red,125,492,145,540
1545190012.22.jpg,800,600,green,611,242,675,387
1545267550.78.jpg,800,600,green,1,406,35,481
1545190047.11.jpg,800,600,green,340,9,436,238
1545267899.79.jpg,800,600,red,219,463,246,518
1545267284.07.jpg,800,600,red,214,430,243,500
1545267443.64.jpg,800,600,green,279,491,302,543
1545267893.8.jpg,800,600,red,559,500,581,550
1545267554.56.jpg,800,600,yellow,245,119,322,305
1545190046.01.jpg,800,600,green,774,425,800,501
1545189930.23.jpg,800,600,green,468,50,565,264
1545189931.34.jpg,800,600,green,483,1,591,230
1545190007.52.jpg,800,600,green,281,510,299,551
1545190274.63.jpg,800,600,green,319,489,340,540
1545267516.04.jpg,800,600,red,1,274,48,405
1545267783.94.jpg,800,600,red,313,505,332,550
1545181712.03.jpg,800,600,green,507,271,563,396
1545190087.03.jpg,800,600,green,138,1,271,104
1545190040.51.jpg,800,600,green,492,369,538,468
1545181711.54.jpg,800,600,green,125,373,167,461
1545190012.63.jpg,800,600,green,680,120,771,308
1545267552.47.jpg,800,600,yellow,507,350,545,440
1545267513.12.jpg,800,600,red,42,391,77,471
1545267444.52.jpg,800,600,green,372,467,402,522
1545267727.95.jpg,800,600,yellow,390,270,446,402
1545190101.03.jpg,800,600,red,381,145,458,325
1545267488.39.jpg,800,600,green,260,512,279,555
1545267764.81.jpg,800,600,yellow,503,131,578,314
1545181712.44.jpg,800,600,green,1,29,83,250
1545190202.11.jpg,800,600,green,106,384,144,469
1545267515.44.jpg,800,600,red,360,318,408,427
1545267421.92.jpg,800,600,red,322,142,398,319
1545267514.63.jpg,800,600,red,527,351,571,454
1545190275.03.jpg,800,600,green,250,474,277,530
1545267242.48.jpg,800,600,red,242,277,294,398
1545190010.31.jpg,800,600,green,433,443,466,511
1545267509.11.jpg,800,600,red,353,492,372,539
1545267631.74.jpg,800,600,yellow,406,1,523,169
1545190007.83.jpg,800,600,green,205,506,226,551
1545267726.74.jpg,800,600,yellow,131,338,174,440
1545267725.43.jpg,800,600,yellow,185,348,225,448
1545267631.93.jpg,800,600,yellow,383,1,509,128
1545267889.99.jpg,800,600,red,223,511,240,551
1545190283.24.jpg,800,600,yellow,381,271,440,405
1545190012.22.jpg,800,600,green,91,229,153,371
1545190009.93.jpg,800,600,green,342,459,366,522
1545267727.34.jpg,800,600,yellow,321,329,368,435
1545190248.44.jpg,800,600,red,624,431,654,507
1545267803.46.jpg,800,600,yellow,39,220,98,363
1545267551.27.jpg,800,600,yellow,366,395,403,477
1545267898.8.jpg,800,600,red,60,466,85,521
1545267900.38.jpg,800,600,red,350,454,377,517
1545267573.78.jpg,800,600,yellow,669,402,704,484
1545190085.83.jpg,800,600,green,222,421,256,496
1545267729.15.jpg,800,600,red,81,70,163,269
1545267508.31.jpg,800,600,red,198,500,222,545
1545267552.07.jpg,800,600,yellow,433,368,473,458
1545190159.53.jpg,800,600,green,679,452,709,518
1545267943.35.jpg,800,600,green,275,497,295,544
1545267649.28.jpg,800,600,yellow,213,280,266,409
1545267902.09.jpg,800,600,red,317,436,346,504
1545190168.14.jpg,800,600,yellow,72,406,104,480
1545190012.72.jpg,800,600,green,1,66,75,264
1545189932.22.jpg,800,600,green,503,1,645,141
1545190046.01.jpg,800,600,green,511,422,547,497
1545190005.63.jpg,800,600,green,292,527,311,564
1545267284.57.jpg,800,600,red,214,402,251,483
1545267649.48.jpg,800,600,yellow,189,273,241,405
1545190041.11.jpg,800,600,green,583,134,661,318
1545267488.39.jpg,800,600,green,397,517,418,556
1545267274.43.jpg,800,600,red,217,79,301,277
1545267648.67.jpg,800,600,yellow,79,287,138,413
1545190009.93.jpg,800,600,green,131,451,160,516
1545190160.04.jpg,800,600,green,145,371,188,466
1545190008.43.jpg,800,600,green,348,502,367,547
1545181711.94.jpg,800,600,green,493,311,550,428
1545267519.85.jpg,800,600,green,58,579,66,596
1545190009.63.jpg,800,600,green,342,470,369,526
1545267726.42.jpg,800,600,yellow,13,336,56,440
1545181711.63.jpg,800,600,green,290,363,335,458
1545267555.27.jpg,800,600,red,721,5,798,224
1545267899.98.jpg,800,600,red,364,463,390,522
1545267899.98.jpg,800,600,red,263,462,287,516
1545267536.79.jpg,800,600,red,11,304,60,416
1545190006.22.jpg,800,600,green,351,522,369,561
1545267283.27.jpg,800,600,red,218,463,244,528
1545190250.05.jpg,800,600,red,542,24,630,249
1545190284.35.jpg,800,600,yellow,224,243,280,382
1545267893.29.jpg,800,600,red,338,501,363,548
1545190278.35.jpg,800,600,green,380,287,437,416
1545267536.34.jpg,800,600,red,643,350,694,454
1545190121.42.jpg,800,600,green,258,403,286,480
1545267869.72.jpg,800,600,green,627,580,640,600
1545190040.7.jpg,800,600,green,521,581,533,600
1545267516.93.jpg,800,600,red,574,226,637,372
1545190202.63.jpg,800,600,green,742,277,800,419
1545190248.23.jpg,800,600,red,446,448,472,513
1545267419.1.jpg,800,600,yellow,504,452,533,512
1545190012.83.jpg,800,600,green,351,22,443,246
1545267651.76.jpg,800,600,red,1,1,106,180
1545267283.27.jpg,800,600,red,18,457,45,518
1545190247.13.jpg,800,600,yellow,425,506,445,551
1545190011.53.jpg,800,600,green,352,348,402,454
1545190039.0.jpg,800,600,green,761,505,782,551
1545267270.25.jpg,800,600,red,124,477,146,532
1545267920.29.jpg,800,600,yellow,171,348,222,454
1545181711.63.jpg,800,600,green,465,369,511,464
1545181712.14.jpg,800,600,green,1,226,61,367
1545189907.23.jpg,800,600,red,692,140,777,322
1545190045.51 - Copy.jpg,800,600,green,334,469,361,526
1545267347.6.jpg,800,600,red,253,413,287,489
1545267879.68.jpg,800,600,yellow,265,228,333,372
1545267515.53.jpg,800,600,red,313,314,364,430
1545267271.04.jpg,800,600,red,517,450,546,513
1545190011.92.jpg,800,600,green,571,304,628,427
1545267901.7.jpg,800,600,red,296,437,324,506
1545267271.94.jpg,800,600,red,293,393,330,477
1545190247.52.jpg,800,600,yellow,724,493,748,543
1545267509.62.jpg,800,600,red,540,485,563,535
1545190008.52.jpg,800,600,green,347,498,370,546
1545267650.56.jpg,800,600,yellow,366,198,430,340
1545267552.87.jpg,800,600,yellow,179,318,225,421
1545190086.66.jpg,800,600,green,651,218,724,372
1545190010.31.jpg,800,600,green,317,442,348,507
1545190012.83.jpg,800,600,green,742,40,800,250
1545190101.03.jpg,800,600,red,700,149,772,326
1545267242.69.jpg,800,600,red,237,265,292,392
1545267892.4.jpg,800,600,red,33,498,53,541
1545267552.47.jpg,800,600,yellow,316,342,360,443
1545267764.81.jpg,800,600,yellow,176,117,251,302
1545190006.83.jpg,800,600,green,288,519,304,556
1545267509.81.jpg,800,600,red,606,482,632,537
1545267918.56.jpg,800,600,yellow,175,389,209,469
1545267727.55.jpg,800,600,yellow,319,313,367,426
1545267511.63.jpg,800,600,red,107,435,138,502
1545267784.25.jpg,800,600,red,429,495,451,542
1545190099.32.jpg,800,600,red,235,486,260,535
1545267765.48.jpg,800,600,yellow,269,61,348,262
1545267573.9.jpg,800,600,yellow,525,393,558,477
1545267511.12.jpg,800,600,red,125,444,152,509
1545267648.67.jpg,800,600,yellow,309,293,366,416
1545267515.22.jpg,800,600,red,174,308,221,422
1545267804.86.jpg,800,600,yellow,479,90,574,285
1545267273.65.jpg,800,600,red,53,223,111,366
1545190010.52.jpg,800,600,green,338,430,369,503
1545267271.74.jpg,800,600,red,345,406,377,482
1545267444.52.jpg,800,600,green,578,470,606,525
1545267630.75.jpg,800,600,yellow,459,79,558,289
1545267242.69.jpg,800,600,red,4,255,54,382
1545190160.04.jpg,800,600,green,1,364,28,460
1545267347.6.jpg,800,600,red,119,409,153,487
1545267896.28.jpg,800,600,red,151,484,173,537
1545190012.33.jpg,800,600,green,350,209,421,364
1545190160.82.jpg,800,600,green,305,1,427,202
1545189907.02.jpg,800,600,red,680,190,745,339
1545267247.17.jpg,800,600,green,102,1,230,137
1545267922.36.jpg,800,600,red,37,201,96,351
1545267536.45.jpg,800,600,red,562,344,603,448
1545190011.53.jpg,800,600,green,171,343,215,450
1545189926.93.jpg,800,600,green,85,147,172,334
1545181712.34.jpg,800,600,green,642,126,741,318
1545267573.6.jpg,800,600,yellow,514,406,546,484
1545190283.84.jpg,800,600,yellow,364,265,423,398
1545190010.31.jpg,800,600,green,203,440,231,505
1545190277.05.jpg,800,600,green,400,358,440,463
1545189907.73.jpg,800,600,red,1,45,86,248
1545190122.2.jpg,800,600,green,722,127,800,312
1545190038.8.jpg,800,600,green,79,501,100,545
1545267921.18.jpg,800,600,yellow,383,310,429,425
1545190040.51.jpg,800,600,green,388,581,398,600
1545267894.88.jpg,800,600,red,435,497,460,547
1545267901.8.jpg,800,600,red,279,437,306,502
1545267902.09.jpg,800,600,red,199,430,225,498
1545267242.29.jpg,800,600,red,20,288,75,414
1545267917.76.jpg,800,600,yellow,369,400,407,479
1545190041.31.jpg,800,600,green,690,1,799,220
1545190249.25.jpg,800,600,red,164,331,214,440
1545189931.42.jpg,800,600,green,485,1,596,221
1545267630.14.jpg,800,600,yellow,416,118,496,307
1545267869.11.jpg,800,600,green,358,500,377,542
1545190009.93.jpg,800,600,green,237,459,262,518
1545267575.88.jpg,800,600,red,503,133,580,306
1545190247.13.jpg,800,600,yellow,273,503,292,547
1545267552.47.jpg,800,600,yellow,698,351,742,447
1545267518.53.jpg,800,600,green,455,585,463,598
1545181712.63.jpg,800,600,green,437,1,585,110
1545189932.53.jpg,800,600,green,511,1,654,116
1545190279.73.jpg,800,600,green,627,274,682,406
1545267631.14.jpg,800,600,yellow,509,42,592,248
1545267488.39.jpg,800,600,green,329,514,350,556
1545267206.54.jpg,800,600,red,332,103,415,294
1545267285.96.jpg,800,600,green,657,306,714,430
1545267555.37.jpg,800,600,red,575,1,680,217
1545190277.75.jpg,800,600,green,173,303,227,419
1545267443.73.jpg,800,600,green,465,497,490,544
1545190013.04.jpg,800,600,yellow,345,1,459,179
1545181711.75.jpg,800,600,green,285,347,337,450
1545267508.92.jpg,800,600,red,128,487,148,538
1545190203.11.jpg,800,600,green,483,1,615,113
1545190010.72.jpg,800,600,green,477,421,513,494
1545267509.03.jpg,800,600,red,294,491,317,540
1545190168.65.jpg,800,600,yellow,535,327,569,439
1545267920.07.jpg,800,600,yellow,130,365,170,454
1545267508.53.jpg,800,600,red,198,495,224,543
1545190282.75.jpg,800,600,yellow,149,272,198,398
1545267493.68.jpg,800,600,yellow,106,17,191,220
1545267511.01.jpg,800,600,red,159,448,184,511
1545267889.99.jpg,800,600,red,356,510,376,553
1545267553.27.jpg,800,600,yellow,143,292,188,406
1545267896.78.jpg,800,600,red,346,484,372,539
1545267516.62.jpg,800,600,red,1,234,47,371
1545267242.29.jpg,800,600,red,242,297,297,419
1545267553.47.jpg,800,600,yellow,612,276,667,398
1545267870.24.jpg,800,600,green,477,445,506,511
1545190010.72.jpg,800,600,green,214,414,245,489
1545267649.86.jpg,800,600,yellow,130,238,190,380
1545267879.48.jpg,800,600,yellow,773,249,800,387
1545190008.52.jpg,800,600,green,268,495,290,544
1545267510.52.jpg,800,600,red,427,464,455,524
1545267728.12.jpg,800,600,yellow,219,253,277,387
1545190039.93.jpg,800,600,green,132,436,162,506
1545190087.03.jpg,800,600,green,679,1,800,111
1545267420.41.jpg,800,600,red,672,374,716,468
1545267475.67.jpg,800,600,red,316,227,382,372
1545190011.12.jpg,800,600,green,353,388,395,474
1545181712.23.jpg,800,600,green,1,180,44,345
1545267552.28.jpg,800,600,yellow,466,358,507,454
1545267510.61.jpg,800,600,red,287,459,315,521
1545190137.81.jpg,800,600,red,188,366,225,456
1545190044.61 - Copy.jpg,800,600,green,138,508,158,550
1545267892.68.jpg,800,600,red,238,505,259,546
1545267648.26.jpg,800,600,yellow,85,291,137,411
1545189927.02.jpg,800,600,green,123,150,196,321
1545267516.43.jpg,800,600,red,44,252,101,393
1545267575.88.jpg,800,600,red,183,127,252,301
1545267347.72.jpg,800,600,red,243,405,277,481
1545190121.9.jpg,800,600,green,548,303,604,429
1545267366.76.jpg,800,600,green,379,367,416,460
1545267871.11.jpg,800,600,green,388,574,399,593
1545267802.75.jpg,800,600,yellow,343,263,399,388
1545267726.22.jpg,800,600,yellow,346,347,388,449
1545189927.02.jpg,800,600,green,434,153,507,326
1545267728.12.jpg,800,600,yellow,708,262,763,397
1545267629.34.jpg,800,600,yellow,514,131,592,309
1545190012.63.jpg,800,600,green,350,111,432,296
1545267515.44.jpg,800,600,red,153,310,198,420
1545267631.57.jpg,800,600,yellow,603,1,703,203
1545267898.8.jpg,800,600,red,153,468,177,524
1545190193.93.jpg,800,600,green,2,1,108,216
1545190277.05.jpg,800,600,green,573,361,616,461
1545267648.67.jpg,800,600,yellow,533,298,588,422
1545267893.8.jpg,800,600,red,635,506,656,552
1545267509.31.jpg,800,600,red,256,485,278,534
1545267419.33.jpg,800,600,yellow,511,443,541,511
1545267551.68.jpg,800,600,yellow,530,379,570,470
1545190193.73.jpg,800,600,green,108,149,180,323
1545267347.51.jpg,800,600,red,232,419,267,497
1545267869.11.jpg,800,600,green,433,582,442,598
1545190008.52.jpg,800,600,green,189,493,211,540
1545190276.53.jpg,800,600,green,379,392,422,477
1545267896.48.jpg,800,600,red,203,485,224,534
1545267287.28.jpg,800,600,green,554,8,660,237
1545189906.52.jpg,800,600,red,101,212,161,359
1545190136.2.jpg,800,600,red,640,514,667,559
1545267516.62.jpg,800,600,red,492,248,549,387
1545190085.95.jpg,800,600,green,1,400,33,479
1545190274.63.jpg,800,600,green,235,489,256,537
1545190099.25.jpg,800,600,red,267,487,288,537
1545267287.37.jpg,800,600,green,224,1,336,189
1545190248.12.jpg,800,600,yellow,495,458,521,516
1545267892.3.jpg,800,600,red,83,502,103,545
1545267889.6.jpg,800,600,red,159,511,177,546
1545190010.94.jpg,800,600,green,491,407,527,488
1545190100.33.jpg,800,600,red,762,397,800,483
1545267513.63.jpg,800,600,red,600,385,640,476
1545190101.23.jpg,800,600,red,330,1,434,192
1545267575.39.jpg,800,600,red,272,234,327,374
1545267445.23.jpg,800,600,green,523,421,556,494
1545267649.06.jpg,800,600,yellow,232,285,283,410
1545267443.73.jpg,800,600,green,304,494,327,540
1545267896.28.jpg,800,600,red,316,489,335,539
1545267515.02.jpg,800,600,red,320,328,367,439
1545190168.32.jpg,800,600,yellow,64,374,101,464
1545267797.95.jpg,800,600,green,321,314,373,437
1545267516.62.jpg,800,600,red,239,243,300,381
1545190284.35.jpg,800,600,yellow,476,245,540,385
1545267922.07.jpg,800,600,red,513,240,574,382
1545190039.0.jpg,800,600,green,599,501,621,550
1545181712.34.jpg,800,600,green,1,106,79,298
1545267901.7.jpg,800,600,red,411,440,440,508
1545267287.28.jpg,800,600,green,143,1,239,218
1545267650.17.jpg,800,600,yellow,727,232,788,368
1545190005.12.jpg,800,600,green,351,533,372,568
1545267896.78.jpg,800,600,red,264,485,288,537
1545190168.65.jpg,800,600,yellow,327,322,374,438
1545267247.38.jpg,800,600,green,722,1,799,124
1545267630.75.jpg,800,600,yellow,109,70,185,273
1545267273.43.jpg,800,600,red,753,294,799,421
1545267367.76.jpg,800,600,green,641,11,737,240
1545267918.97.jpg,800,600,yellow,740,405,774,482
1545189926.93.jpg,800,600,green,688,161,780,350
1545190193.73.jpg,800,600,green,721,163,795,338
1545267516.43.jpg,800,600,red,288,265,347,400
1545267727.55.jpg,800,600,yellow,104,305,153,424
1545190250.05.jpg,800,600,red,144,13,237,234
1545181712.14.jpg,800,600,green,259,235,326,372
1545267512.54.jpg,800,600,red,85,409,122,486
1545267555.47.jpg,800,600,red,722,2,800,210
1545190009.63.jpg,800,600,green,149,466,172,524
1545267512.81.jpg,800,600,red,25,397,58,478
1545267554.96.jpg,800,600,yellow,285,53,361,253
1545267917.97.jpg,800,600,yellow,228,400,260,473
1545267802.94.jpg,800,600,yellow,481,263,538,387
1545267271.04.jpg,800,600,red,404,447,432,513
1545189906.92.jpg,800,600,red,374,179,440,344
1545181711.33.jpg,800,600,green,443,407,478,483
1545267918.76.jpg,800,600,yellow,354,392,388,475
1545267421.92.jpg,800,600,red,637,150,716,324
1545267802.05.jpg,800,600,yellow,9,261,66,382
1545190192.72.jpg,800,600,green,461,418,493,497
1545267802.75.jpg,800,600,yellow,593,266,650,393
1545267510.31.jpg,800,600,red,529,473,556,529
1545267508.31.jpg,800,600,red,48,495,68,542
1545190121.9.jpg,800,600,green,770,308,800,427
1545267515.82.jpg,800,600,red,17,288,72,412
1545267513.34.jpg,800,600,red,338,393,375,479
1545190136.2.jpg,800,600,red,567,513,591,555
1545267631.85.jpg,800,600,yellow,614,1,737,142
1545190007.23.jpg,800,600,green,217,513,237,555
1545267284.57.jpg,800,600,red,350,409,388,484
1545267879.3.jpg,800,600,yellow,252,231,313,370
1545190010.72.jpg,800,600,green,347,418,380,493
1545267783.86.jpg,800,600,red,277,505,301,552
1545190192.72.jpg,800,600,green,328,416,359,492
1545267651.68.jpg,800,600,red,369,1,478,216
1545189907.93.jpg,800,600,red,1,1,59,223
1545190009.03.jpg,800,600,green,172,482,196,535
1545267921.78.jpg,800,600,red,554,261,613,397
1545189926.84.jpg,800,600,green,2,166,90,340
1545190193.93.jpg,800,600,green,416,1,528,230
1545267512.93.jpg,800,600,red,320,402,356,484
1545267918.56.jpg,800,600,yellow,469,400,504,479
1545267869.72.jpg,800,600,green,425,469,447,526
1545267286.67.jpg,800,600,green,6,151,80,322
1545190277.75.jpg,800,600,green,380,305,432,422
1545267727.75.jpg,800,600,yellow,316,297,367,419
1545267805.36.jpg,800,600,yellow,661,1,767,206
1545190121.5.jpg,800,600,green,77,382,114,471
1545267510.01.jpg,800,600,red,545,475,572,532
1545267902.2.jpg,800,600,red,413,439,442,505
1545267489.96.jpg,800,600,green,420,468,448,526
1545190086.85.jpg,800,600,green,22,64,130,267
1545189927.02.jpg,800,600,green,749,156,800,331
1545267553.27.jpg,800,600,yellow,369,290,417,409
1545190009.42.jpg,800,600,green,343,476,368,530
1545267880.1.jpg,800,600,yellow,536,226,599,367
1545267445.23.jpg,800,600,green,653,424,691,498
1545190247.04.jpg,800,600,yellow,304,507,322,548
1545190283.55.jpg,800,600,yellow,488,272,545,405
1545190099.52.jpg,800,600,red,638,479,661,532
1545267764.59.jpg,800,600,yellow,34,132,108,308
1545267900.69.jpg,800,600,red,676,465,698,524
1545267274.43.jpg,800,600,red,559,100,645,290
1545190276.03.jpg,800,600,green,503,423,535,497
1545267553.47.jpg,800,600,yellow,372,276,425,400
1545267574.19.jpg,800,600,yellow,56,363,98,455
1545267367.76.jpg,800,600,green,245,24,334,237
1545267651.58.jpg,800,600,yellow,174,9,271,230
1545190277.75.jpg,800,600,green,585,308,636,428
1545190099.32.jpg,800,600,red,324,486,347,535
1545267513.12.jpg,800,600,red,333,400,371,482
1545267869.72.jpg,800,600,green,522,470,546,529
1545267515.02.jpg,800,600,red,708,335,758,445
1545267918.56.jpg,800,600,yellow,324,392,358,473
1545267284.07.jpg,800,600,red,89,429,120,495
1545267513.41.jpg,800,600,red,193,386,229,471
1545267247.58.jpg,800,600,green,323,1,454,85
1545267725.43.jpg,800,600,yellow,361,350,409,449
1545267420.32.jpg,800,600,yellow,704,382,741,471
1545267801.76.jpg,800,600,yellow,10,257,67,393
1545267284.57.jpg,800,600,red,74,398,108,477
1545267899.79.jpg,800,600,red,318,461,349,519
1545267204.83.jpg,800,600,red,372,243,431,377
1545267206.25.jpg,800,600,red,277,143,351,320
1545181712.54.jpg,800,600,green,404,1,523,209
1545267900.69.jpg,800,600,red,566,460,593,514
1545267895.29.jpg,800,600,red,292,495,309,543
1545267551.87.jpg,800,600,yellow,481,369,521,464
1545267573.6.jpg,800,600,yellow,371,406,406,482
1545190286.15.jpg,800,600,yellow,646,71,736,270
1545190040.7.jpg,800,600,green,424,319,474,432
1545267729.24.jpg,800,600,red,386,49,474,257
1545267630.94.jpg,800,600,yellow,89,63,167,256
1545267783.36.jpg,800,600,red,109,516,123,555
1545267893.49.jpg,800,600,red,385,501,405,547
1545190249.92.jpg,800,600,red,526,87,608,285
1545181711.54.jpg,800,600,green,457,384,499,471
1545267246.7.jpg,800,600,red,588,1,703,193
1545267509.03.jpg,800,600,red,127,486,151,537
1545267271.74.jpg,800,600,red,483,407,512,490
1545190247.72.jpg,800,600,yellow,629,485,653,537
1545267204.83.jpg,800,600,red,110,230,172,372
1545267729.45.jpg,800,600,red,318,1,431,218
1545190282.75.jpg,800,600,yellow,625,277,683,408
1545267651.76.jpg,800,600,red,448,1,570,194
1545190246.93.jpg,800,600,yellow,62,507,80,546
1545267575.59.jpg,800,600,red,143,188,209,346
1545267514.82.jpg,800,600,red,377,342,419,442
1545190038.8.jpg,800,600,green,232,503,249,548
1545267726.42.jpg,800,600,yellow,382,350,432,451
1545190249.43.jpg,800,600,red,463,291,521,421
1545190011.92.jpg,800,600,green,353,297,406,421
1545267797.95.jpg,800,600,green,111,313,161,431
1545190286.06.jpg,800,600,yellow,674,98,759,291
1545267206.76.jpg,800,600,red,275,72,361,271
1545190250.16.jpg,800,600,red,132,1,235,205
1545267880.38.jpg,800,600,yellow,533,216,592,362
1545267514.82.jpg,800,600,red,751,343,800,451
1545267419.92.jpg,800,600,yellow,414,407,452,487
1545267894.88.jpg,800,600,red,281,496,304,542
1545181712.44.jpg,800,600,green,743,56,798,268
1545267286.76.jpg,800,600,green,1,127,56,312
1545267242.29.jpg,800,600,red,460,306,511,425
1545267554.37.jpg,800,600,yellow,354,152,424,317
1545267286.76.jpg,800,600,green,292,148,364,323
1545267512.93.jpg,800,600,red,179,400,215,481
1545190137.11.jpg,800,600,red,486,463,511,519
1545267764.59.jpg,800,600,yellow,683,155,756,322
1545189931.82.jpg,800,600,green,19,1,150,171
1545267763.9.jpg,800,600,yellow,503,152,577,326
1545267881.59.jpg,800,600,yellow,346,87,428,287
1545190012.83.jpg,800,600,green,1,9,48,232
1545267509.62.jpg,800,600,red,450,483,475,537
1545267917.76.jpg,800,600,yellow,75,385,113,469
1545267896.09.jpg,800,600,red,201,489,221,537
1545190167.93.jpg,800,600,yellow,54,428,85,495
1545267918.17.jpg,800,600,yellow,96,392,126,465
1545190248.44.jpg,800,600,red,372,429,403,502
1545190137.61.jpg,800,600,red,212,403,245,480
1545189932.32.jpg,800,600,green,1,1,121,125
1545190194.03.jpg,800,600,green,438,1,559,147
1545267893.29.jpg,800,600,red,413,502,433,550
1545190248.12.jpg,800,600,yellow,604,456,632,519
1545267726.42.jpg,800,600,yellow,200,343,243,445
1545267510.81.jpg,800,600,red,356,457,385,520
1545267366.76.jpg,800,600,green,37,362,81,456
1545267476.39.jpg,800,600,red,372,2,472,227
1545267651.18.jpg,800,600,yellow,21,84,106,280
1545190085.83.jpg,800,600,green,93,418,127,492
1545190009.83.jpg,800,600,green,342,464,366,522
1545267727.34.jpg,800,600,yellow,114,319,163,429
1545267879.68.jpg,800,600,yellow,529,227,591,378
1545267285.96.jpg,800,600,green,440,299,493,423
1545267419.92.jpg,800,600,yellow,556,408,593,489
1545189931.34.jpg,800,600,green,55,1,169,223
1545190085.46.jpg,800,600,green,748,468,776,529
1545190046.82.jpg,800,600,green,233,226,297,379
1545267803.25.jpg,800,600,yellow,219,238,277,377
1545189907.33.jpg,800,600,red,48,127,118,297
1545190250.16.jpg,800,600,red,558,1,658,222
1545267518.53.jpg,800,600,green,479,585,485,600
1545267882.11.jpg,800,600,yellow,4,1,113,204
1545267917.97.jpg,800,600,yellow,81,395,108,468
1545189927.12.jpg,800,600,green,447,139,529,321
1545267803.46.jpg,800,600,yellow,570,245,621,367
1545267588.74.jpg,800,600,red,425,518,444,559
1545267421.73.jpg,800,600,red,279,188,343,343
1545267784.25.jpg,800,600,red,592,498,614,547
1545267881.08.jpg,800,600,yellow,101,133,185,322
1545267488.07.jpg,800,600,green,329,520,349,559
1545190100.83.jpg,800,600,red,216,258,268,389
1545189907.83.jpg,800,600,red,1,11,67,226
1545267519.85.jpg,800,600,green,38,1,158,179
1545267508.53.jpg,800,600,red,43,492,66,538
1545190137.02.jpg,800,600,red,370,466,397,523
1545267513.63.jpg,800,600,red,284,379,325,471
1545267896.78.jpg,800,600,red,435,489,456,539
1545267869.11.jpg,800,600,green,199,493,219,539
1545190284.96.jpg,800,600,yellow,558,219,621,366
1545190284.55.jpg,800,600,yellow,272,230,343,374
1545267419.1.jpg,800,600,yellow,390,448,418,512
1545267921.38.jpg,800,600,red,589,281,644,406
1545190038.8.jpg,800,600,green,155,501,177,545
1545267901.29.jpg,800,600,red,631,451,659,514
1545267510.01.jpg,800,600,red,733,480,762,536
1545267270.64.jpg,800,600,red,349,464,376,521
1545267206.54.jpg,800,600,red,679,111,759,298
1545181711.43.jpg,800,600,green,138,387,177,468
1545189906.52.jpg,800,600,red,370,214,433,363
1545267918.17.jpg,800,600,yellow,244,397,275,471
1545267573.49.jpg,800,600,yellow,646,413,684,492
1545267922.18.jpg,800,600,red,227,223,290,369
1545190191.92.jpg,800,600,green,7,468,33,525
1545189907.83.jpg,800,600,red,382,21,468,236
1545267347.72.jpg,800,600,red,527,403,563,487
1545189907.63.jpg,800,600,red,13,69,88,257
1545190137.61.jpg,800,600,red,65,395,104,475
1545190039.0.jpg,800,600,green,680,502,701,550
1545267510.52.jpg,800,600,red,327,462,354,520
1545267205.85.jpg,800,600,red,309,197,369,343
1545267271.04.jpg,800,600,red,630,452,658,516
1545190040.51.jpg,800,600,green,419,582,428,600
1545267896.48.jpg,800,600,red,369,489,392,539
1545267421.73.jpg,800,600,red,561,195,629,355
1545267896.09.jpg,800,600,red,119,486,141,535
1545267509.81.jpg,800,600,red,515,479,539,533
1545181711.83.jpg,800,600,green,276,329,336,443
1545189932.53.jpg,800,600,green,1,1,118,108
1545267516.51.jpg,800,600,red,396,262,455,397
1545190284.04.jpg,800,600,yellow,361,261,417,395
1545267784.04.jpg,800,600,red,315,502,337,546
1545190247.52.jpg,800,600,yellow,551,491,572,543
1545267588.85.jpg,800,600,red,598,518,617,559
1545267901.7.jpg,800,600,red,524,445,553,509
1545267920.97.jpg,800,600,yellow,485,334,524,434
1545267869.72.jpg,800,600,green,682,581,693,600
1545267588.63.jpg,800,600,red,212,519,229,558
1545190009.23.jpg,800,600,green,166,479,187,531
1545267284.96.jpg,800,600,red,638,385,680,482
1545189906.92.jpg,800,600,red,77,177,145,338
1545267349.13.jpg,800,600,red,310,1,425,201
1545267575.59.jpg,800,600,red,426,192,491,352
1545267285.67.jpg,800,600,green,587,335,637,447
1545267869.11.jpg,800,600,green,383,581,393,597
1545190192.72.jpg,800,600,green,591,420,629,500
1545267347.6.jpg,800,600,red,387,413,417,491
1545267804.66.jpg,800,600,yellow,708,126,785,295
1545190011.33.jpg,800,600,green,185,366,227,461
1545267348.04.jpg,800,600,red,622,369,666,466
1545190010.52.jpg,800,600,green,460,435,496,501
1545190008.13.jpg,800,600,green,347,503,370,550
1545267889.99.jpg,800,600,red,288,511,306,551
1545267511.12.jpg,800,600,red,9,442,41,506
1545267536.45.jpg,800,600,red,745,350,793,456
1545267510.61.jpg,800,600,red,390,461,417,521
1545267918.97.jpg,800,600,yellow,589,398,622,474
1545189907.02.jpg,800,600,red,377,185,440,333
1545267553.07.jpg,800,600,yellow,1,297,30,411
1545267590.03.jpg,800,600,red,721,484,742,539
1545181687.95.jpg,800,600,red,374,252,427,387
1545267784.25.jpg,800,600,red,510,496,535,545
1545267244.0.jpg,800,600,red,260,203,325,351
1545267552.28.jpg,800,600,yellow,645,353,689,453
1545267650.97.jpg,800,600,yellow,425,130,518,317
1545267896.28.jpg,800,600,red,231,485,257,539
1545267897.98.jpg,800,600,red,463,482,483,534
1545267629.94.jpg,800,600,yellow,508,140,583,303
1545190084.44.jpg,800,600,green,230,514,248,556
1545181687.95.jpg,800,600,red,624,257,677,392
1545267511.33.jpg,800,600,red,32,435,64,505
1545267897.98.jpg,800,600,red,548,486,579,537
1545190086.95.jpg,800,600,green,705,1,799,210
1545267443.64.jpg,800,600,green,439,502,459,545
1545267879.3.jpg,800,600,yellow,769,250,800,382
1545267513.41.jpg,800,600,red,40,380,76,468
1545267903.22.jpg,800,600,green,301,422,332,491
1545267552.68.jpg,800,600,yellow,295,334,335,429
1545267512.81.jpg,800,600,red,304,408,338,484
1545190099.41.jpg,800,600,red,533,486,556,535
1545267892.3.jpg,800,600,red,154,504,174,545
1545267573.49.jpg,800,600,yellow,371,405,403,483
1545267881.81.jpg,800,600,yellow,1,37,81,246
1545267903.22.jpg,800,600,green,426,425,457,495
1545267728.12.jpg,800,600,yellow,464,257,519,389
1545267573.6.jpg,800,600,yellow,658,413,685,486
1545267515.63.jpg,800,600,red,1,293,30,415
1545190249.25.jpg,800,600,red,1,329,18,432
1545190007.23.jpg,800,600,green,347,516,371,558
1545267573.4.jpg,800,600,yellow,371,413,402,490
1545267920.67.jpg,800,600,yellow,114,335,167,448
1545190202.11.jpg,800,600,green,417,389,454,476
1545190099.52.jpg,800,600,red,542,481,564,531
1545267803.25.jpg,800,600,yellow,474,240,533,379
1545190100.61.jpg,800,600,red,379,336,422,444
1545189906.92.jpg,800,600,red,672,185,737,346
1545189907.63.jpg,800,600,red,746,75,800,271
1545267573.4.jpg,800,600,yellow,640,416,674,496
1545190100.83.jpg,800,600,red,703,263,762,400
1545267242.48.jpg,800,600,red,464,285,520,407
1545189907.12.jpg,800,600,red,66,159,130,319
1545267574.19.jpg,800,600,yellow,225,366,266,463
1545190249.63.jpg,800,600,red,761,229,800,376
1545267513.63.jpg,800,600,red,444,384,482,472
1545267242.48.jpg,800,600,red,14,268,67,389
1545267629.34.jpg,800,600,yellow,187,122,262,297
1545189907.93.jpg,800,600,red,380,6,475,229
1545267271.24.jpg,800,600,red,429,439,458,507
1545190005.63.jpg,800,600,green,353,529,368,566
1545267513.73.jpg,800,600,red,544,381,583,470
1545267509.31.jpg,800,600,red,342,485,363,537
1545267726.22.jpg,800,600,yellow,530,350,570,451
1545267419.52.jpg,800,600,yellow,268,429,298,498
1545267247.17.jpg,800,600,green,608,1,735,146
1545267588.94.jpg,800,600,red,767,525,786,567
1545267491.76.jpg,800,600,green,304,368,346,465
1545190138.02.jpg,800,600,red,680,332,731,448
1545190099.41.jpg,800,600,red,442,485,463,534
1545267573.9.jpg,800,600,yellow,366,396,408,475
1545267727.95.jpg,800,600,yellow,154,263,218,393
1545267803.76.jpg,800,600,yellow,184,219,237,349
1545267244.0.jpg,800,600,red,1,183,42,336
1545267727.75.jpg,800,600,yellow,94,292,145,416
1545267420.64.jpg,800,600,red,525,361,571,457
1545189932.03.jpg,800,600,green,499,1,631,159
1545267244.29.jpg,800,600,red,274,180,340,336
1545267881.08.jpg,800,600,yellow,416,153,489,332
1545190040.7.jpg,800,600,green,490,579,498,600
1545190167.73.jpg,800,600,yellow,8,450,35,510
1545267367.88.jpg,800,600,green,42,1,153,175
1545190284.76.jpg,800,600,yellow,545,226,606,368
1545267287.47.jpg,800,600,green,285,1,403,151
1545267895.29.jpg,800,600,red,211,493,235,540
1545190249.43.jpg,800,600,red,690,298,745,424
1545267515.53.jpg,800,600,red,100,305,151,427
1545267515.82.jpg,800,600,red,238,295,293,419
1545267511.01.jpg,800,600,red,265,451,294,514
1545267366.58.jpg,800,600,green,1,383,28,469
1545190120.34.jpg,800,600,green,234,495,258,540
1545267920.97.jpg,800,600,yellow,680,333,729,442
1545267920.29.jpg,800,600,yellow,1,340,53,447
1545190005.63.jpg,800,600,green,234,527,254,562
1545267271.94.jpg,800,600,red,587,400,624,485
1545267896.58.jpg,800,600,red,258,487,281,533
1545190041.4.jpg,800,600,green,616,1,760,107
1545181712.44.jpg,800,600,green,361,39,462,262
1545267920.97.jpg,800,600,yellow,279,322,322,429
1545267892.3.jpg,800,600,red,12,500,28,541
1545267420.11.jpg,800,600,yellow,506,393,550,483
1545190275.03.jpg,800,600,green,440,474,463,534
1545189931.42.jpg,800,600,green,52,1,166,214
1545267922.18.jpg,800,600,red,741,243,800,386
1545267551.47.jpg,800,600,yellow,182,387,218,469
1545190101.03.jpg,800,600,red,65,136,137,313
1545267921.29.jpg,800,600,red,729,301,781,423
1545190008.43.jpg,800,600,green,270,498,291,544
1545190279.73.jpg,800,600,green,383,268,440,406
1545267728.53.jpg,800,600,yellow,352,213,414,360
1545190006.83.jpg,800,600,green,351,521,369,559
1545190159.83.jpg,800,600,green,190,401,227,482
1545267899.98.jpg,800,600,red,160,450,184,512
1545267554.76.jpg,800,600,yellow,156,87,237,276
1545267783.94.jpg,800,600,red,388,506,405,548
1545190159.83.jpg,800,600,green,50,399,85,482
1545267630.54.jpg,800,600,yellow,377,102,458,283
1545267536.79.jpg,800,600,red,217,318,257,424
1545267444.52.jpg,800,600,green,477,469,503,521
1545267902.2.jpg,800,600,red,293,435,324,501
1545267273.22.jpg,800,600,red,324,295,376,424
1545267509.31.jpg,800,600,red,425,486,451,540
1545267921.88.jpg,800,600,red,409,249,466,389
1545267802.94.jpg,800,600,yellow,233,260,283,385
1545189932.32.jpg,800,600,green,514,1,648,128
1545190248.72.jpg,800,600,red,400,401,433,484
1545267553.27.jpg,800,600,yellow,598,289,650,411
1545190249.15.jpg,800,600,red,130,345,174,448
1545267918.76.jpg,800,600,yellow,201,379,237,471
1545267551.87.jpg,800,600,yellow,651,373,690,465
1545267205.85.jpg,800,600,red,600,189,669,348
1545267554.37.jpg,800,600,yellow,674,161,740,323
1545189931.82.jpg,800,600,green,502,1,619,179
1545190249.06.jpg,800,600,red,22,356,64,455
1545181712.23.jpg,800,600,green,257,189,339,356
1545267367.38.jpg,800,600,green,601,236,664,384
1545267273.43.jpg,800,600,red,285,271,341,401
1545267421.53.jpg,800,600,red,174,230,227,366
1545267516.51.jpg,800,600,red,150,253,205,387
1545190086.34.jpg,800,600,green,432,337,483,450
1545267493.46.jpg,800,600,yellow,183,84,259,269
1545190283.66.jpg,800,600,yellow,333,272,385,403
1545267509.03.jpg,800,600,red,211,490,235,535
1545267728.73.jpg,800,600,red,655,177,733,345
1545267421.92.jpg,800,600,red,6,127,80,308
1545267903.22.jpg,800,600,green,171,417,207,491
1545267285.67.jpg,800,600,green,387,330,435,444
1545190008.43.jpg,800,600,green,192,497,213,542
1545267890.89.jpg,800,600,red,27,506,50,547
1545190009.03.jpg,800,600,green,260,484,282,538
1545267509.42.jpg,800,600,red,371,487,393,535
1545267871.11.jpg,800,600,green,220,383,261,468
1545189926.84.jpg,800,600,green,588,182,680,351
1545267869.11.jpg,800,600,green,408,580,417,597
1545267893.29.jpg,800,600,red,266,500,285,546
1545267901.8.jpg,800,600,red,396,442,421,505
1545190010.52.jpg,800,600,green,213,426,243,498
1545267805.36.jpg,800,600,yellow,215,1,320,206
1545181711.33.jpg,800,600,green,146,397,183,477
1545190012.33.jpg,800,600,green,74,201,139,358
1545190044.61 - Copy.jpg,800,600,green,1,503,16,545
1545267518.53.jpg,800,600,green,122,78,201,276
1545267880.9.jpg,800,600,yellow,469,185,526,334
1545267247.38.jpg,800,600,green,188,1,319,120
1545267920.49.jpg,800,600,yellow,1,348,27,449
1545190168.43.jpg,800,600,yellow,138,353,168,447
1545267879.88.jpg,800,600,yellow,667,242,722,374
1545267553.07.jpg,800,600,yellow,197,301,251,415
1545189932.82.jpg,800,600,green,1,1,111,95
1545190247.04.jpg,800,600,yellow,230,505,249,548
1545190283.24.jpg,800,600,yellow,626,274,682,407
1545190011.92.jpg,800,600,green,130,294,185,415
1545267513.12.jpg,800,600,red,188,395,224,479
1545190086.34.jpg,800,600,green,244,337,294,444
1545267783.86.jpg,800,600,red,205,505,229,550
1545267649.06.jpg,800,600,yellow,459,297,517,417
1545190086.95.jpg,800,600,green,258,1,363,206
1545181711.75.jpg,800,600,green,96,339,143,441
1545190246.93.jpg,800,600,yellow,135,509,151,547
1545267519.85.jpg,800,600,green,82,580,90,595
1545267880.9.jpg,800,600,yellow,759,185,800,345
1545267650.36.jpg,800,600,yellow,396,206,459,353
1545267892.9.jpg,800,600,red,214,502,232,545
1545190011.74.jpg,800,600,green,151,324,201,438
1545267271.45.jpg,800,600,red,380,425,411,497
1545267650.17.jpg,800,600,yellow,456,222,517,366
1545267783.36.jpg,800,600,red,45,518,61,553
1545267508.92.jpg,800,600,red,208,490,232,539
1545267270.64.jpg,800,600,red,449,463,475,522
1545181711.94.jpg,800,600,green,51,297,110,419
1545190009.42.jpg,800,600,green,158,474,181,527
1545181711.75.jpg,800,600,green,473,350,521,455
1545267898.58.jpg,800,600,red,132,469,158,526
1545267880.8.jpg,800,600,yellow,175,182,237,334
1545189926.84.jpg,800,600,green,300,174,379,345
1545267889.6.jpg,800,600,red,292,514,311,551
1545190279.73.jpg,800,600,green,145,266,200,401
1545267510.01.jpg,800,600,red,642,476,664,533
1545267420.85.jpg,800,600,red,1,325,32,439
1545189907.02.jpg,800,600,red,75,171,138,331
1545190248.72.jpg,800,600,red,541,406,580,489
1545267475.67.jpg,800,600,red,576,233,638,377
1545189927.23.jpg,800,600,green,453,127,539,311
1545190122.5.jpg,800,600,green,102,1,230,68
1545267550.78.jpg,800,600,green,130,406,166,486
1545267551.27.jpg,800,600,yellow,216,393,256,475
1545267271.24.jpg,800,600,red,545,440,577,511
1545267270.25.jpg,800,600,red,36,477,58,528
1545190012.33.jpg,800,600,green,622,218,694,371
1545190121.42.jpg,800,600,green,113,400,147,480
1545267515.63.jpg,800,600,red,192,303,242,425
1545267898.58.jpg,800,600,red,320,477,342,531
1545267901.29.jpg,800,600,red,408,443,435,509
1545267487.96.jpg,800,600,green,330,522,346,558
1545267880.8.jpg,800,600,yellow,761,198,800,353
1545267536.45.jpg,800,600,red,370,337,415,444
1545190006.22.jpg,800,600,green,287,522,310,561
1545190044.73 - Copy.jpg,800,600,green,1,498,12,543
1545189907.12.jpg,800,600,red,686,158,760,330
1545190286.15.jpg,800,600,yellow,281,71,366,271
1545267510.81.jpg,800,600,red,459,458,490,522
1545267536.54.jpg,800,600,red,163,328,208,434
1545190168.53.jpg,800,600,yellow,343,335,368,435
1545190202.11.jpg,800,600,green,262,385,300,473
1545190278.35.jpg,800,600,green,156,284,210,410
1545267764.21.jpg,800,600,yellow,501,151,579,324
1545190138.51.jpg,800,600,red,563,27,656,247
1545190284.26.jpg,800,600,yellow,306,251,366,389
1545267550.78.jpg,800,600,green,269,408,304,490
1545267872.03.jpg,800,600,green,395,328,441,442
1545267783.66.jpg,800,600,red,90,508,105,551
1545190276.03.jpg,800,600,green,633,422,667,499
1545267765.3.jpg,800,600,yellow,502,93,579,284
1545190284.55.jpg,800,600,yellow,16,222,83,375
1545267421.53.jpg,800,600,red,428,237,490,377
1545190099.25.jpg,800,600,red,185,489,201,535
1545267726.94.jpg,800,600,yellow,323,339,367,445
1545181711.94.jpg,800,600,green,275,306,330,425
1545267897.98.jpg,800,600,red,372,479,396,533
1545189926.75.jpg,800,600,green,95,196,159,342
1545267649.17.jpg,800,600,yellow,325,296,377,411
1545190285.15.jpg,800,600,yellow,755,202,800,355
1545190247.31.jpg,800,600,yellow,506,501,529,546
1545267766.0.jpg,800,600,yellow,315,1,415,213
1545267420.51.jpg,800,600,red,643,372,684,462
1545267871.11.jpg,800,600,green,417,576,427,594
1545267902.09.jpg,800,600,red,434,437,463,505
1545267489.96.jpg,800,600,green,619,473,642,530
1545189926.75.jpg,800,600,green,382,206,446,350
1545267728.53.jpg,800,600,yellow,628,213,695,362
1545190038.9.jpg,800,600,green,382,502,402,547
1545190012.72.jpg,800,600,green,347,83,436,276
1545267510.31.jpg,800,600,red,627,474,656,530
1545267801.76.jpg,800,600,yellow,503,264,559,401
1545189931.63.jpg,800,600,green,37,1,161,197
1545190168.23.jpg,800,600,yellow,70,389,105,472
1545267803.25.jpg,800,600,yellow,733,239,795,382
1545190099.41.jpg,800,600,red,350,483,372,532
1545267893.08.jpg,800,600,red,266,501,283,546
1545267901.19.jpg,800,600,red,698,453,729,518
1545189907.33.jpg,800,600,red,374,119,451,305
1545267514.32.jpg,800,600,red,761,365,800,464
1545267920.07.jpg,800,600,yellow,301,372,339,458
1545267575.3.jpg,800,600,red,73,248,130,389
1545190247.91.jpg,800,600,yellow,742,469,765,530
1545189931.63.jpg,800,600,green,486,1,613,206
1545267649.97.jpg,800,600,yellow,596,236,653,379
1545267728.34.jpg,800,600,yellow,588,247,646,382
1545189907.63.jpg,800,600,red,382,70,459,268
1545267649.28.jpg,800,600,yellow,1,268,29,398
1545267555.18.jpg,800,600,yellow,1,16,72,226
1545189906.52.jpg,800,600,red,647,219,712,369
1545267347.51.jpg,800,600,red,106,422,136,494
1545190119.71.jpg,800,600,green,591,523,611,563
1545190046.82.jpg,800,600,green,1,213,43,357
1545267802.75.jpg,800,600,yellow,96,258,151,388
1545267588.85.jpg,800,600,red,531,518,549,559
1545267892.4.jpg,800,600,red,106,500,126,545
1545267879.48.jpg,800,600,yellow,256,239,308,368
1545190137.81.jpg,800,600,red,354,371,395,464
1545267420.64.jpg,800,600,red,171,351,211,447
1545267784.13.jpg,800,600,red,458,500,479,545
1545267802.94.jpg,800,600,yellow,735,266,795,390
1545190041.31.jpg,800,600,green,251,1,367,197
1545190009.63.jpg,800,600,green,246,469,271,526
1545190085.46.jpg,800,600,green,538,464,567,529
1545267347.72.jpg,800,600,red,388,405,421,482
1545267273.02.jpg,800,600,red,582,311,634,429
1545267801.76.jpg,800,600,yellow,258,261,313,398
1545267348.04.jpg,800,600,red,452,374,496,467
1545190121.5.jpg,800,600,green,382,388,426,478
1545267536.54.jpg,800,600,red,356,335,400,444
1545267518.53.jpg,800,600,green,433,587,440,600
1545190168.65.jpg,800,600,yellow,121,325,170,432
1545190086.66.jpg,800,600,green,385,219,453,372
1545190006.22.jpg,800,600,green,227,520,248,559
1545267487.96.jpg,800,600,green,266,522,284,558
1545267869.72.jpg,800,600,green,618,474,644,529
1545190193.34.jpg,800,600,green,632,324,679,435
1545190120.47.jpg,800,600,green,1,483,19,534
1545190120.47.jpg,800,600,green,79,486,101,535
1545267890.89.jpg,800,600,red,97,506,118,547
1545267284.96.jpg,800,600,red,325,380,366,471
1545190283.44.jpg,800,600,yellow,186,268,242,400
1545267900.38.jpg,800,600,red,454,458,483,518
1545267421.73.jpg,800,600,red,1,174,62,335
1545267590.03.jpg,800,600,red,625,482,650,537
1545190136.2.jpg,800,600,red,496,514,517,556
1545190121.5.jpg,800,600,green,233,389,270,474
1545267554.18.jpg,800,600,yellow,685,196,751,345
1545267631.35.jpg,800,600,yellow,593,14,684,229
1545190274.63.jpg,800,600,green,146,483,173,537
1545190248.23.jpg,800,600,red,557,450,588,514
1545190122.2.jpg,800,600,green,400,128,469,306
1545190100.61.jpg,800,600,red,573,334,622,448
1545190137.02.jpg,800,600,red,572,472,601,528
1545267648.26.jpg,800,600,yellow,530,300,588,424
1545267514.82.jpg,800,600,red,563,345,610,450
1545190099.25.jpg,800,600,red,99,489,117,534
1545190086.34.jpg,800,600,green,53,335,108,442
1545190247.31.jpg,800,600,yellow,427,500,445,545
1545190137.11.jpg,800,600,red,272,454,300,516
1545190012.03.jpg,800,600,green,350,266,411,397
1545190283.55.jpg,800,600,yellow,249,272,304,400
1545267443.73.jpg,800,600,green,385,497,408,543
1545267943.35.jpg,800,600,green,434,502,454,546
1545190040.7.jpg,800,600,green,221,313,274,427
1545267511.63.jpg,800,600,red,1,430,20,497
1545267475.67.jpg,800,600,red,54,224,117,369
1545189907.23.jpg,800,600,red,56,140,125,309
1545190276.53.jpg,800,600,green,531,395,569,479
1545190011.53.jpg,800,600,green,533,353,582,458
1545181712.34.jpg,800,600,green,314,108,412,313
1545267513.34.jpg,800,600,red,36,383,71,469
1545190101.13.jpg,800,600,red,357,58,438,262
1545189907.23.jpg,800,600,red,368,134,453,319
1545267892.9.jpg,800,600,red,285,504,307,547
1545190247.04.jpg,800,600,yellow,156,502,175,546
1545190247.72.jpg,800,600,yellow,722,484,746,537
1545267783.66.jpg,800,600,red,18,506,37,547
1545267588.85.jpg,800,600,red,667,519,685,560
1545267573.4.jpg,800,600,yellow,505,416,539,492
1545267348.82.jpg,800,600,red,640,172,717,342
1545267649.97.jpg,800,600,yellow,337,234,395,372
1545267271.74.jpg,800,600,red,207,398,236,479
1545190275.03.jpg,800,600,green,346,475,370,530
1545190101.13.jpg,800,600,red,1,42,69,255
1545267726.74.jpg,800,600,yellow,324,342,364,447
1545267871.11.jpg,800,600,green,68,376,104,466
1545267273.65.jpg,800,600,red,309,234,370,382
1545190138.1.jpg,800,600,red,376,289,437,414
1545267421.33.jpg,800,600,red,45,271,104,403
1545267287.66.jpg,800,600,green,438,1,577,70
1545190011.33.jpg,800,600,green,519,373,561,471
1545267766.2.jpg,800,600,yellow,412,1,528,161
1545267419.1.jpg,800,600,yellow,276,445,303,509
1545267650.36.jpg,800,600,yellow,673,206,742,359
1545190011.74.jpg,800,600,green,352,328,406,442
1545267898.58.jpg,800,600,red,227,473,250,527
1545267510.61.jpg,800,600,red,490,463,519,522
1545267649.17.jpg,800,600,yellow,88,281,144,406
1545190045.51 - Copy.jpg,800,600,green,234,464,259,524
1545190040.7.jpg,800,600,green,551,580,564,600
1545190012.03.jpg,800,600,green,583,271,641,403
1545267509.11.jpg,800,600,red,185,487,206,537
1545267588.74.jpg,800,600,red,361,520,377,557
1545267510.31.jpg,800,600,red,725,473,754,532
1545190286.36.jpg,800,600,yellow,407,37,487,242
1545267899.0.jpg,800,600,red,40,465,64,518
1545267803.95.jpg,800,600,yellow,392,199,452,343
1545190040.51.jpg,800,600,green,154,358,196,461
1545267783.36.jpg,800,600,red,172,517,191,557
1545190246.93.jpg,800,600,yellow,1,506,7,546
1545267420.75.jpg,800,600,red,196,346,241,445
1545190283.84.jpg,800,600,yellow,609,267,667,401
1545181711.43.jpg,800,600,green,450,393,489,475
1545190120.34.jpg,800,600,green,317,499,335,544
1545190101.13.jpg,800,600,red,729,63,800,270
1545267893.08.jpg,800,600,red,338,504,358,547
1545190046.01.jpg,800,600,green,642,426,678,502
1545189907.33.jpg,800,600,red,710,129,782,311
1545267764.4.jpg,800,600,yellow,179,158,243,311
1545267206.25.jpg,800,600,red,586,137,674,327
1545190007.52.jpg,800,600,green,212,509,229,550
1545267514.63.jpg,800,600,red,715,355,757,457
1545190119.71.jpg,800,600,green,723,526,745,566
1545267488.07.jpg,800,600,green,396,521,412,561
1545267555.27.jpg,800,600,red,313,11,405,224
1545190121.7.jpg,800,600,green,230,350,276,453
1545267245.7.jpg,800,600,red,63,40,142,242
1545190284.35.jpg,800,600,yellow,734,249,796,390
1545267918.38.jpg,800,600,yellow,174,390,206,469
1545267879.3.jpg,800,600,yellow,516,244,571,376
1545267476.39.jpg,800,600,red,1,8,63,221
1545267348.92.jpg,800,600,red,466,92,551,285
1545267766.3.jpg,800,600,yellow,242,1,360,145
1545267649.86.jpg,800,600,yellow,636,243,701,388
1545267553.67.jpg,800,600,yellow,514,258,565,385
1545267515.63.jpg,800,600,red,408,316,456,431
1545267880.9.jpg,800,600,yellow,163,166,229,329
1545267870.24.jpg,800,600,green,596,577,607,600
1545190084.44.jpg,800,600,green,162,511,182,557
1545267588.74.jpg,800,600,red,492,520,511,561
1545189932.03.jpg,800,600,green,16,1,137,155
1545190285.25.jpg,800,600,yellow,691,189,761,351
1545267510.81.jpg,800,600,red,253,453,279,517
1545267870.24.jpg,800,600,green,592,445,621,510
1545267728.73.jpg,800,600,red,361,179,426,342
1545267509.42.jpg,800,600,red,284,485,307,533
